user_id,first_name,last_name,email,gender,age,contact_info,location,total_balance,transaction_count,total_spent,account_age
100,Dipak,Khadka,dipak.khadka@Yahoooo.com,M,40,9852565586,Rasuwa,39008.11,30,50536.56,669
101,SABITA,Giri,sabita.giri@YAHoo.com,Other,25,9825795767,Pokhara123Chitwan,26149.59,204,15352.55,-3
102,Laxmi,Lamichhane,laxmi.lamichhane@YAHoo.com,Female,45,9819529937,Biratn@gar,42487.88,367,56148.47,653
103,Anjali,Neupane,anjali.neupane@Yahoooo.com,M,-1,,Biratn@gar,10641.1,319,12245.39,663
104,Laxmi,Shrestha,laxmi.shrestha@gmail.in,M,31,9821787435,Kathm#$ndu,9037.68,369,9582.57,138
105,Nurpu,Wangchuk,nurpu.wangchuk@yahoo.com,Female,40,9898498342,Pokhara,31508.58,266,31132.67,917
106,Pooja,Dangol,pooja.dangol@Yahoooo.com,M,39,9843687713,Pokahara,27288.89,219,17900.56,782
107,Suresh,Shyangba,suresh.shyangba@YAHoo.com,M,32,9898853176,Kathmandu,18495.03,375,21768.56,878
108,Laxmi,Shrestha,,F,19,9811204348,Lalitpur,22341.3,205,30345.29,36
109,Kalpana,Bhattarai,kalpana.bhattarai@GMAIL.COM,F,55,9825871166,lalitpur4443,47821.54,408,62895.7,462
110,Nawin,Oli,,Male,51,9824910068,lalitpur4443,5857.56,144,8568.36,186
111,Sabita,Ghimire,sabita.ghimire@Yahoooo.com,M,45,9848706285,Biratn@gar,27784.3,88,35714.79,717
112,Arjun,Rai,arjun.rai@YAHoo.com,Female,40,9818499577,Kathm#$ndu,38851.69,159,42028.8,546
113,Sunita,Ghale,sunita.ghale@gmail.in,Other,25,9854318561,Pokhara123Chitwan,14740.82,84,13296.01,572
114,Pramila,Limbu,pramila.limbu@gmail.com,Other,21,9835886220,lalitpur4443,22705.87,316,30799.02,730
115,Suman,Pandit,suman.pandit@gmail.com,Male,58,9889290882,Kathm#$ndu,27648.65,225,27225.24,616
116,Sarita,Khatri,sarita.khatri@yahoo.com,F,24,9862643962,Pokahara,45655.21,109,39052.14,112
117,Renjen,Khanal,,Other,44,9854827003,Pokhara,26282.03,192,19918.07,794
118,Anjali,Shrestha,anjali.shrestha@gmail.com,Female,24,9867436633,Kathmandu,45652.92,235,59213.45,270
119,Priya,Dahal,priya.dahal@Yahoooo.com,Other,48,9892546882,Kathm#$ndu,19604.39,411,16199.36,-10
120,Nawin,Oli,nawin.oli@Yahoooo.com,Male,47,9879864757,Biratn@gar,49178.5,418,60474.96,204
121,Akash,Dahal,akash.dahal@Yahoooo.com,Other,46,9843193631,Pokhara,43690.85,272,52439.72,695
122,SARITA,Subedi,sarita.subedi@YAHoo.com,Female,41,9841268949,Pokahara,40650.37,195,40810.11,700
123,Krishna,Tamang,krishna.tamang@GMAIL.COM,Other,58,,Pokhara123Chitwan,30193.78,119,17324.18,153
124,Anil,Karki,anil.karki@gmail.in,F,55,9812959032,Pokhara123Chitwan,14163.53,145,8490.28,482
125,Anjali,Maharjan,anjali.maharjan@gmail.in,F,54,9828471948,Pokahara,34281.85,261,32573.59,259
126,Sanjay,Magar,sanjay.magar@Yahoooo.com,Female,18,9859734952,Kathm#$ndu,11929.26,370,15923.45,817
127,Nurpu,Shrestha,nurpu.shrestha@Yahoooo.com,Male,19,9877266254,lalitpur4443,31675.66,37,20684.53,161
128,Sabita,Khatri,sabita.khatri@YAHoo.com,Female,39,9836306926,Raasuwa,38915.78,63,21554.32,335
129,Suresh,Bote,suresh.bote@Yahoooo.com,Other,24,9831205751,Rasuwa,19408.26,141,23157.83,209
130,Hari,Neupane,hari.neupane@GMAIL.COM,Female,36,9848842991,Pokahara,5218.51,443,6899.6,455
131,Gita,Pandit,gita.pandit@yahoo.com,Female,58,9837162641,rasuwa,3022.23,137,2554.34,62
132,Bikram,Maharjan,bikram.maharjan@Yahoooo.com,Other,25,9843978035,Kathm#$ndu,11953.15,220,14303.69,997
133,Laxmi,Damrang,laxmi.damrang@Yahoooo.com,M,26,9894529828,Pokahara,2474.62,173,2649.03,49
134,Nurpu,Acharya,nurpu.acharya@gmail.in,Female,25,9816213057,Kathmandu,9140.66,213,13502.42,698
135,Bishnu,Limbu,bishnu.limbu@YAHoo.com,F,20,9849950889,Pokhara,8552.68,420,4961.47,357
136,Nisha,Dahal,nisha.dahal@GMAIL.COM,Female,47,9870012349,rasuwa,13135.64,141,18752.35,556
137,Lampasang,Ghale,lampasang.ghale@YAHoo.com,Other,25,9827759486,Pokhara,47016.81,301,37968.99,-17
138,Rajesh,Lama,rajesh.lama@yahoo.com,M,24,9853574249,Raasuwa,18015.69,395,11526.68,747
139,Sunita,Chaudhari,sunita.chaudhari@GMAIL.COM,Female,45,9836787647,rasuwa,32360.4,210,20530.35,795
140,Laxmi,Khanal,laxmi.khanal@gmail.com,Female,19,9854210822,lalitpur4443,7295.96,292,6866.01,13
141,Akash,Thapa,akash.thapa@GMAIL.COM,F,53,9853251255,Kathmandu,3039.03,79,4530.54,-33
142,Krishna,Ghimire,krishna.ghimire@gmail.in,Other,53,9825409136,lalitpur4443,5417.69,187,3137.81,322
143,Rajan,Sapkota,rajan.sapkota@gmail.com,Other,54,9811748727,lalitpur4443,22673.2,96,28024.72,175
144,Sanjay,Dahal,sanjay.dahal@gmail.in,Female,56,9892284337,Biratn@gar,29132.72,161,33892.2,530
145,Nisha,Bhattarai,nisha.bhattarai@yahoo.com,F,34,9886131599,Kathmandu,8042.93,375,11591.85,453
146,Nawin,Bomjan,nawin.bomjan@gmail.com,M,40,9868261856,Bhaktapur,22793.36,323,22179.48,790
147,Lampasang,Bhandari,lampasang.bhandari@YAHoo.com,M,53,9873556147,Kathm#$ndu,809.14,27,602.8,323
148,Bibek,Karki,bibek.karki@yahoo.com,Male,52,9855612313,Lalitpur,27654.27,131,36113.33,845
149,Anil,Neupane,anil.neupane@GMAIL.COM,Other,-1,9876241488,Balen City,34134.66,55,19328.26,256
150,Aarun,Giri,aarun.giri@GMAIL.COM,Female,29,9864774775,Kathm#$ndu,14306.95,331,20728.71,807
151,PRAMILA,Shakya,pramila.shakya@Yahoooo.com,Male,23,9816073843,rasuwa,48418.57,63,28355.3,587
152,Sarita,Bhattarai,sarita.bhattarai@gmail.in,Male,35,9818069679,Pokahara,36964.34,106,24367.21,301
153,Suresh,Budhathoki,suresh.budhathoki@gmail.com,Other,32,9823422215,Kathm#$ndu,2170.06,224,2136.61,-27
154,Laxmi,Basnet,laxmi.basnet@GMAIL.COM,M,29,9837892653,P0khara,8490.97,179,7913.15,54
155,Rohan,Limbu,rohan.limbu@Yahoooo.com,Male,-1,9847194544,rasuwa,34940.4,30,23158.84,440
156,Krishna,Gurung,krishna.gurung@yahoo.com,Female,-1,9860485195,Lalitpur,21093.14,398,19482.79,402
157,Shanti,Ghale,shanti.ghale@Yahoooo.com,Male,35,9817517536,Biratn@gar,41997.66,275,26951.82,992
158,Rajesh,Khatri,rajesh.khatri@gmail.com,Other,21,9826004630,Raasuwa,38140.21,268,35029.94,716
159,Karuna,Pandit,karuna.pandit@GMAIL.COM,Other,44,,rasuwa,12860.54,320,13291.03,584
160,Sabina,Pandey,sabina.pandey@YAHoo.com,Female,29,9833616058,Lalitpur,18804.91,127,12996.94,940
161,nawin,Lamichhane,nawin.lamichhane@gmail.com,Female,16,,Kathmandu,8532.79,144,6804.0,320
162,Suman,Bhattarai,suman.bhattarai@GMAIL.COM,Other,16,9868884546,Pokhara123Chitwan,9657.65,322,13748.53,676
163,Prakash,Thapa,prakash.thapa@YAHoo.com,F,20,9831404346,Rasuwa,13092.19,350,14147.86,947
164,Laxmi,Dangol,laxmi.dangol@YAHoo.com,Female,-1,9868519948,Balen City,33409.41,316,36863.72,716
165,bibek,Dangol,bibek.dangol@GMAIL.COM,Male,26,9872351537,Kathmandu,10997.43,409,6765.59,338
166,Samjhana,Dangol,samjhana.dangol@GMAIL.COM,Male,22,9894590629,lalitpur4443,33372.75,81,38230.82,918
167,Nurpu,Pandey,nurpu.pandey@gmail.in,F,38,9816506728,Pokhara123Chitwan,15783.42,102,14284.37,6
168,Ramesh,Pandit,ramesh.pandit@gmail.com,Female,46,9820791096,Pokahara,25688.84,318,21272.59,84
169,Suman,Ghimire,suman.ghimire@Yahoooo.com,M,44,9825362051,Kathmandu,23339.55,199,29013.25,827
170,Rajan,Bhandari,rajan.bhandari@GMAIL.COM,F,40,9859114312,Raasuwa,8332.62,23,11698.9,665
171,Mina,Chaudhari,mina.chaudhari@GMAIL.COM,M,56,9856608916,Raasuwa,10722.89,345,5836.9,655
172,Sanjay,Chaudhari,sanjay.chaudhari@gmail.in,Male,22,9829186832,Bhaktapur,5610.79,393,6613.77,716
173,Rajan,Pandey,rajan.pandey@YAHoo.com,Female,51,9843112121,Lalitpur,47419.52,57,70222.06,94
174,Bishnu,Damrang,bishnu.damrang@YAHoo.com,Male,29,9865807660,Pokhara123Chitwan,40139.56,83,52308.97,348
175,Sarita,Maharjan,sarita.maharjan@YAHoo.com,M,44,9816222720,rasuwa,2432.73,436,1575.56,539
176,Pramila,Neupane,pramila.neupane@Yahoooo.com,M,17,9811570032,Bhaktapur,10746.02,438,6675.05,930
177,Roshan,Dahal,roshan.dahal@yahoo.com,Male,28,9846273268,Kathmandu,46454.81,26,38688.95,391
178,Roshan,Lama,roshan.lama@GMAIL.COM,Male,29,9888905116,lalitpur4443,10323.11,243,9264.2,707
179,Nurpu,Thapa,nurpu.thapa@yahoo.com,M,48,9822223921,Pokhara,36645.69,164,47697.96,958
180,Gita,Rana,gita.rana@YAHoo.com,Female,38,9837418410,Kathm#$ndu,19576.93,111,18185.61,891
181,Sarita,Wangchuk,sarita.wangchuk@gmail.in,M,51,9832283261,Biratn@gar,18868.91,179,10390.21,799
182,Krishna,Khatri,krishna.khatri@YAHoo.com,M,21,9893203081,Pokhara123Chitwan,21056.19,470,22016.05,649
183,Rohan,Shakya,rohan.shakya@GMAIL.COM,Male,38,9842549780,Pokhara123Chitwan,13369.32,254,17192.67,262
184,Karuna,Shyangba,karuna.shyangba@GMAIL.COM,Other,40,9820990926,Kathm#$ndu,17213.77,133,11346.37,430
185,Rajan,Khadka,rajan.khadka@Yahoooo.com,Female,34,,Bhaktapur,783.55,306,606.03,711
186,Nawin,Pandit,nawin.pandit@YAHoo.com,Other,30,9874151508,Pokahara,45475.14,429,55453.54,643
187,nurpu,Subedi,nurpu.subedi@yahoo.com,M,58,9811780215,Pokhara,26791.52,322,32342.9,-17
188,Bimal,Ghale,bimal.ghale@gmail.com,Other,31,9881572859,P0khara,42348.46,278,50519.37,192
189,Sunita,Shyangba,sunita.shyangba@yahoo.com,F,-1,9828533840,Kathm#$ndu,31862.9,100,30619.64,387
190,Pramila,Sherpa,pramila.sherpa@YAHoo.com,Male,41,9853457471,Kathmandu,37918.54,471,56781.6,114
191,Krishna,Limbu,krishna.limbu@gmail.com,Other,44,9891811786,Bhaktapur,6638.66,177,8154.22,-25
192,Karuna,Tamang,karuna.tamang@gmail.com,Female,32,9829114738,lalitpur4443,10284.89,375,9423.2,372
193,kalpana,Bhattarai,kalpana.bhattarai@Yahoooo.com,M,19,9831998772,Pokhara,38449.51,100,24163.62,24
194,Kalpana,Shakya,kalpana.shakya@Yahoooo.com,F,17,9820115652,Kathmandu,7912.41,67,8132.27,513
195,Rohan,Budhathoki,rohan.budhathoki@GMAIL.COM,Male,44,9877349493,lalitpur4443,44826.56,331,57661.24,644
196,Bibek,Shakya,bibek.shakya@YAHoo.com,Other,44,9817201385,Pokhara123Chitwan,45104.65,351,26317.46,842
197,Sanjay,Dahal,sanjay.dahal@yahoo.com,Female,33,9844375779,Rasuwa,33230.38,321,36645.06,732
198,Lampasang,Subedi,lampasang.subedi@GMAIL.COM,Male,47,9870908258,Balen City,220.06,182,264.75,102
199,Mingmar,Dangol,mingmar.dangol@YAHoo.com,M,59,9871607696,Pokhara123Chitwan,29576.1,346,15472.01,587
200,Akash,Subedi,akash.subedi@gmail.com,Female,32,9896973404,Bhaktapur,11447.41,178,8984.03,544
201,Suresh,Acharya,suresh.acharya@gmail.com,Male,39,9860854822,P0khara,16157.44,494,11210.66,664
202,Laxmi,Damrang,laxmi.damrang@yahoo.com,Female,35,,Kathmandu,11923.28,379,12916.29,141
203,Arjun,Poudel,arjun.poudel@gmail.in,Other,45,9825435042,Rasuwa,23942.92,225,32561.21,779
204,Kunsel,Thapa,kunsel.thapa@gmail.in,F,25,9885567894,Raasuwa,27691.18,474,40594.61,601
205,Sanjay,Giri,sanjay.giri@gmail.com,F,32,9887902616,Raasuwa,15089.65,263,19827.08,483
206,Ramesh,Magar,ramesh.magar@Yahoooo.com,Female,51,9896253738,Pokhara123Chitwan,35776.42,57,25432.19,387
207,Suman,Giri,suman.giri@gmail.com,Male,45,9888771519,Kathm#$ndu,31051.45,101,39326.34,270
208,Bibek,Sherpa,,F,28,9889538853,rasuwa,10794.73,401,7882.94,527
209,Suman,Gurung,suman.gurung@gmail.com,Male,26,9858667258,Rasuwa,49880.49,17,38166.46,465
210,Arjun,Maharjan,arjun.maharjan@Yahoooo.com,Male,27,9817949721,Kathmandu,5784.99,396,3388.43,779
211,Kalpana,Subedi,kalpana.subedi@gmail.in,Female,41,9886535735,Bhaktapur,23010.09,51,15999.21,571
212,Anil,Bote,anil.bote@GMAIL.COM,F,45,9880538954,rasuwa,7975.1,184,7701.99,114
213,Nawin,Khatri,nawin.khatri@YAHoo.com,F,23,9861040146,Raasuwa,12224.12,3,12110.3,665
214,Sachin,Bote,sachin.bote@YAHoo.com,Male,48,9817967296,Biratn@gar,43030.98,56,35248.66,823
215,Hari,Rai,hari.rai@gmail.in,Other,19,9860568966,Pokhara123Chitwan,37637.76,232,51730.97,769
216,Sunita,Neupane,sunita.neupane@Yahoooo.com,F,18,9843891333,P0khara,30705.3,324,22884.72,249
217,Roshan,Basnet,roshan.basnet@gmail.in,M,19,9876918995,Pokhara123Chitwan,30668.64,129,27796.56,813
218,Karuna,Poudel,karuna.poudel@GMAIL.COM,F,48,9827389903,Balen City,4727.14,72,5957.39,528
219,Mina,Karki,mina.karki@Yahoooo.com,M,27,9846424105,Pokahara,19787.76,38,26180.96,287
220,Laxmi,Bista,laxmi.bista@GMAIL.COM,Other,19,9819345559,Kathm#$ndu,33202.0,173,28849.58,-31
221,Suresh,Dhakal,suresh.dhakal@yahoo.com,Female,19,9810404045,Pokhara123Chitwan,8364.22,126,9767.45,824
222,Dipak,Ghale,dipak.ghale@gmail.com,F,52,9891215821,lalitpur4443,27160.0,217,26981.96,803
223,Nisha,Shrestha,nisha.shrestha@gmail.in,Female,42,9893047754,Pokhara123Chitwan,21856.16,56,20940.08,733
224,Rajesh,Damrang,,Other,20,9854815269,Balen City,12324.05,385,16467.54,877
225,Mingmar,Khadka,mingmar.khadka@yahoo.com,Male,44,9810924157,Kathm#$ndu,29023.76,424,30103.58,603
226,RAJESH,Thapa,rajesh.thapa@Yahoooo.com,F,42,9877024749,lalitpur4443,5333.22,19,6983.88,837
227,Sabita,Dangol,sabita.dangol@Yahoooo.com,Other,18,9813604737,Pokhara123Chitwan,40468.41,246,59928.91,219
228,Tenjin,Shakya,tenjin.shakya@yahoo.com,Other,18,9870078698,Raasuwa,39243.27,360,55177.11,453
229,Shanti,Damrang,shanti.damrang@gmail.com,Female,54,9823411699,Biratn@gar,30459.22,96,32889.48,409
230,Nawin,Chaudhari,nawin.chaudhari@YAHoo.com,Male,54,9864610889,Pokhara123Chitwan,18916.72,225,17989.03,789
231,Krishna,Giri,krishna.giri@GMAIL.COM,Other,40,9817726714,lalitpur4443,14776.58,38,10421.94,401
232,Rohan,Poudel,rohan.poudel@Yahoooo.com,Male,58,9883858992,Biratn@gar,41854.67,247,48002.52,537
233,Renjen,Ghimire,,M,30,9843267651,Biratn@gar,3441.73,275,3500.54,213
234,Pooja,Rana,,Female,46,,Raasuwa,28511.12,238,16840.15,910
235,Sarita,Acharya,sarita.acharya@GMAIL.COM,Male,33,9841639584,Rasuwa,11281.3,248,11391.69,891
236,Sachin,Thapa,sachin.thapa@gmail.in,F,49,,rasuwa,44134.07,188,63282.27,460
237,Kalpana,Chaudhari,kalpana.chaudhari@GMAIL.COM,Other,57,9869545930,Pokahara,45209.36,43,59194.22,351
238,Sabita,Magar,sabita.magar@gmail.in,M,46,9846861535,Kathmandu,28996.57,409,26634.96,421
239,Sabita,Koirala,sabita.koirala@Yahoooo.com,Male,49,9868690679,Pokhara,40601.86,236,37375.49,835
240,Bishnu,Giri,,Male,36,9865414480,Rasuwa,25412.1,369,22260.99,619
241,Anjali,Adhikari,anjali.adhikari@gmail.in,Female,41,9875567997,Pokahara,22902.98,474,21703.72,429
242,Rajan,Karki,rajan.karki@gmail.com,Female,18,9817506334,Kathm#$ndu,4143.25,170,5287.46,317
243,Mingmar,Magar,mingmar.magar@Yahoooo.com,M,25,9872077616,Pokahara,36407.55,212,43932.38,10
244,Kalpana,Gurung,kalpana.gurung@yahoo.com,F,23,9827450128,Rasuwa,25225.25,142,24125.2,361
245,Gita,Khanal,gita.khanal@yahoo.com,M,29,9894699413,Lalitpur,10674.97,284,7532.52,962
246,Deepak,Dangol,deepak.dangol@YAHoo.com,M,19,9892646724,Lalitpur,12658.5,430,18505.86,273
247,Rajesh,Subedi,rajesh.subedi@GMAIL.COM,Male,27,,lalitpur4443,16316.16,219,22526.14,930
248,Suresh,Lama,suresh.lama@yahoo.com,F,24,9859172596,lalitpur4443,45203.5,356,51404.79,192
249,Dinesh,Shyangba,dinesh.shyangba@Yahoooo.com,Male,52,9898985590,Kathmandu,8908.51,114,13132.65,11
250,Sanjay,Pandit,sanjay.pandit@YAHoo.com,M,31,9840964889,P0khara,45738.42,287,49657.68,686
251,mina,Bote,mina.bote@gmail.in,Other,57,9895841445,Kathmandu,8887.73,253,13090.61,528
252,sachin,Bote,sachin.bote@gmail.com,Male,50,9834701656,Bhaktapur,16031.4,351,18548.65,921
253,Krishna,Shrestha,krishna.shrestha@yahoo.com,Male,39,9815884563,Pokhara123Chitwan,32945.57,452,21652.53,772
254,Dinesh,Karki,dinesh.karki@gmail.in,F,27,9867821422,Biratn@gar,7442.54,66,4795.03,699
255,Bimal,Bhandari,bimal.bhandari@Yahoooo.com,Male,42,9836256254,Biratn@gar,10864.95,72,13639.62,908
256,Anjali,Wangchuk,anjali.wangchuk@yahoo.com,Other,20,9811475596,Balen City,45030.79,302,37427.57,224
257,Renjen,Lama,renjen.lama@gmail.com,Male,24,9897194658,Pokahara,26195.67,179,20695.5,306
258,LAXMI,Limbu,laxmi.limbu@yahoo.com,Male,55,9822160923,Rasuwa,2525.13,47,2405.09,184
259,pramila,Bomjan,pramila.bomjan@GMAIL.COM,M,19,9851948008,Kathm#$ndu,45677.54,459,37260.23,789
260,Pooja,Ghale,pooja.ghale@gmail.in,Male,-1,9865438481,Rasuwa,26750.36,428,34561.34,715
261,Sachin,Poudel,,M,51,9822238322,Kathm#$ndu,45023.46,395,67031.14,222
262,Bimal,Ghimire,bimal.ghimire@Yahoooo.com,Other,58,9835364479,rasuwa,29976.34,182,27278.91,867
263,Kunsel,Khatri,kunsel.khatri@Yahoooo.com,F,50,9897138660,P0khara,39082.39,66,21420.78,399
264,Bishnu,Poudel,bishnu.poudel@gmail.com,M,59,9864319970,lalitpur4443,29778.84,50,41648.69,395
265,Pramila,Maharjan,pramila.maharjan@yahoo.com,Male,-1,9868758324,Kathmandu,3102.64,463,2962.87,-36
266,Krishna,Koirala,krishna.koirala@gmail.com,M,25,9883023935,lalitpur4443,3770.22,384,2009.79,814
267,Samjhana,Khadka,samjhana.khadka@YAHoo.com,Male,46,9836875418,Biratn@gar,9234.36,385,9564.65,259
268,Sachin,Adhikari,sachin.adhikari@YAHoo.com,Male,16,9884283800,Kathm#$ndu,13698.6,56,19543.86,944
269,Manju,Thapa,,M,54,9811281070,lalitpur4443,27905.81,172,35947.15,265
270,Ramesh,Bhattarai,ramesh.bhattarai@YAHoo.com,Male,31,9887921163,Pokhara123Chitwan,28370.52,126,38433.81,86
271,Rohan,Khanal,rohan.khanal@Yahoooo.com,Female,41,,Pokhara,12034.6,98,17102.16,455
272,Manju,Chaudhari,manju.chaudhari@YAHoo.com,M,22,9873191540,Kathm#$ndu,8653.32,356,12564.42,679
273,samjhana,Damrang,,M,52,,P0khara,8649.83,11,8817.96,439
274,Dipak,Dhakal,dipak.dhakal@GMAIL.COM,M,49,9881833958,Kathmandu,9027.24,113,10014.25,442
275,Ramesh,Dhakal,ramesh.dhakal@gmail.in,F,43,,Bhaktapur,5872.93,79,7780.2,912
276,Gita,Khadka,gita.khadka@gmail.com,Other,36,9860601513,Kathm#$ndu,46694.81,299,47522.5,504
277,Priya,Rai,priya.rai@GMAIL.COM,Male,59,9816960286,Bhaktapur,21942.73,152,14887.85,931
278,Laxmi,Khatri,laxmi.khatri@GMAIL.COM,Other,55,9884051612,Biratn@gar,5940.79,57,3854.17,211
279,Sangita,Subedi,sangita.subedi@YAHoo.com,F,23,9879250748,Lalitpur,30164.77,146,27111.7,903
280,Roshan,Sapkota,roshan.sapkota@Yahoooo.com,Other,58,9838452782,rasuwa,29216.15,263,39932.21,919
281,Rekha,Pandey,rekha.pandey@Yahoooo.com,Male,21,9870111668,Rasuwa,6444.42,413,7909.08,318
282,Mingmar,Dhakal,mingmar.dhakal@YAHoo.com,M,39,9841618744,Pokhara,34560.48,158,35028.85,515
283,Karuna,Bomjan,karuna.bomjan@yahoo.com,M,19,,Pokahara,46582.89,164,61713.0,200
284,Sabina,Wangchuk,sabina.wangchuk@Yahoooo.com,Female,32,9829229559,Kathmandu,37329.63,263,35216.61,529
285,Suman,Bista,,M,18,9867410241,rasuwa,18175.49,77,16077.59,-45
286,Samjhana,Magar,samjhana.magar@gmail.com,Other,48,9850692098,P0khara,40152.0,417,58510.63,20
287,Roshan,Ghimire,roshan.ghimire@Yahoooo.com,Other,23,9825551189,rasuwa,45975.63,321,30087.31,295
288,Rajan,Chaudhari,rajan.chaudhari@GMAIL.COM,Other,49,9825960707,Pokhara123Chitwan,7117.2,94,5999.12,243
289,Bibek,Wangchuk,bibek.wangchuk@GMAIL.COM,F,35,9839477215,Raasuwa,31089.35,481,18149.92,989
290,Priya,Khatri,priya.khatri@gmail.in,Male,43,9875939233,Kathmandu,41367.56,126,59857.71,372
291,Sarita,Ghale,sarita.ghale@gmail.com,Female,23,9883083361,Pokhara123Chitwan,31571.12,292,40000.23,33
292,Suman,Ghimire,suman.ghimire@yahoo.com,Male,47,9821557567,Bhaktapur,18191.5,133,25399.78,40
293,Samjhana,Pandey,samjhana.pandey@GMAIL.COM,M,20,9826045629,Kathm#$ndu,16280.84,65,11530.62,433
294,Priya,Pandey,priya.pandey@Yahoooo.com,Male,56,9854640601,Pokhara123Chitwan,6785.44,106,7283.64,945
295,Manju,Lama,,F,49,9877676591,Pokhara123Chitwan,27142.98,50,36585.62,21
296,deepak,Ghale,deepak.ghale@Yahoooo.com,Female,24,9820907725,Kathm#$ndu,44646.59,300,54546.84,-29
297,Bikram,Rana,,M,39,9815607362,Lalitpur,19570.87,240,15171.58,258
298,Deepak,Pandey,deepak.pandey@gmail.com,M,24,9816235518,Rasuwa,39066.21,36,52354.84,243
299,Shanti,Pandit,shanti.pandit@yahoo.com,F,25,9829184488,rasuwa,4363.99,5,6030.2,606
300,Pramila,Bista,pramila.bista@gmail.com,F,45,9868717407,Pokahara,10138.53,299,7084.39,381
301,Bishnu,Dahal,bishnu.dahal@yahoo.com,M,50,9887830749,Raasuwa,20101.32,135,11041.32,807
302,Akash,Khanal,akash.khanal@Yahoooo.com,F,19,9844196316,Pokahara,44427.75,427,54345.32,368
303,Bishnu,Dangol,bishnu.dangol@gmail.com,Male,26,9891339599,Biratn@gar,5791.95,127,5721.52,273
304,Aarun,Neupane,aarun.neupane@gmail.in,F,34,9889310318,Kathmandu,46071.41,115,40863.64,62
305,Rajesh,Khanal,rajesh.khanal@gmail.com,Male,-1,9815905764,Kathm#$ndu,826.46,413,523.72,961
306,Nurpu,Neupane,nurpu.neupane@yahoo.com,M,42,9875256916,rasuwa,27959.94,357,36561.63,685
307,Rekha,Gurung,rekha.gurung@GMAIL.COM,F,27,9817200334,Pokahara,46141.96,307,65187.82,574
308,Gita,Thapa,gita.thapa@gmail.com,Other,27,9864049435,Pokhara123Chitwan,4368.5,171,2550.16,686
309,Hari,Ghale,hari.ghale@Yahoooo.com,M,47,9843251704,Lalitpur,39556.12,323,25865.97,798
310,Priya,Subedi,priya.subedi@Yahoooo.com,Female,26,9855033516,Pokahara,28577.52,364,18522.25,951
311,ARJUN,Rana,arjun.rana@YAHoo.com,M,49,,rasuwa,47515.52,369,55775.31,322
312,Hari,Sherpa,hari.sherpa@gmail.com,M,47,9834528603,Biratn@gar,19943.29,280,13692.09,276
313,Sita,Poudel,sita.poudel@gmail.in,Other,58,9894851750,Pokahara,6801.19,142,8767.99,893
314,SANJAY,Shakya,sanjay.shakya@YAHoo.com,Other,47,9831065624,Kathm#$ndu,44858.57,410,36456.97,469
315,Suman,Dangol,suman.dangol@gmail.in,Male,56,9857268501,Rasuwa,38308.91,98,23100.59,326
316,Kunsel,Lamichhane,kunsel.lamichhane@gmail.com,Other,19,9874777986,lalitpur4443,17818.16,422,22072.25,337
317,Dipak,Gurung,dipak.gurung@GMAIL.COM,F,22,9871118411,Kathmandu,12710.51,489,8172.44,711
318,Kalpana,Ghale,kalpana.ghale@Yahoooo.com,Other,47,9838230226,Balen City,6887.06,314,4636.06,946
319,Bikram,Lamichhane,bikram.lamichhane@Yahoooo.com,Female,26,9889451319,Kathmandu,48321.61,409,46298.73,0
320,Sabina,Dahal,sabina.dahal@gmail.com,Other,27,9873075134,Kathm#$ndu,5171.52,9,2706.57,587
321,aarun,Wangchuk,aarun.wangchuk@yahoo.com,F,45,9891436258,Raasuwa,7424.13,35,4156.57,592
322,Deepak,Bhattarai,deepak.bhattarai@Yahoooo.com,Other,21,9886369746,Lalitpur,24413.95,394,34994.27,292
323,Nisha,Sapkota,nisha.sapkota@gmail.com,F,53,9894400961,Kathmandu,5261.49,123,2678.29,431
324,Renjen,Koirala,renjen.koirala@yahoo.com,M,-1,9886651029,Kathmandu,20615.98,429,18439.58,506
325,Nurpu,Damrang,nurpu.damrang@gmail.com,Male,31,9886410897,Kathmandu,46482.98,454,57830.43,27
326,Lampasang,Thapa,lampasang.thapa@YAHoo.com,Female,24,9893768416,Kathm#$ndu,30379.94,142,40370.52,512
327,Mingmar,Koirala,mingmar.koirala@YAHoo.com,F,20,9827916888,Lalitpur,9691.39,27,9623.73,645
328,Sachin,Maharjan,sachin.maharjan@gmail.com,F,24,9820803153,Balen City,40178.94,486,50096.77,109
329,Anil,Ghimire,anil.ghimire@gmail.in,Male,33,9870765039,Rasuwa,28075.07,433,15979.24,505
330,Karuna,Bhattarai,karuna.bhattarai@gmail.com,Other,30,9834464985,Balen City,9843.71,167,12197.01,705
331,sunita,Pandey,sunita.pandey@Yahoooo.com,Female,52,9857039320,Bhaktapur,6071.17,189,8212.16,544
332,Kalpana,Magar,,M,35,9823655200,Biratn@gar,23788.23,213,17227.59,172
333,Sabina,Oli,sabina.oli@Yahoooo.com,Male,17,,Raasuwa,9357.31,453,11265.0,432
334,Aarun,Bhandari,aarun.bhandari@gmail.com,Other,50,9843138691,lalitpur4443,27089.34,175,21682.61,769
335,Gita,Shrestha,gita.shrestha@yahoo.com,Other,46,9874627272,Biratn@gar,15874.71,134,9023.53,703
336,Pramila,Bhandari,pramila.bhandari@GMAIL.COM,Male,43,9822463759,Rasuwa,28398.12,22,36935.83,424
337,Dipak,Khadka,dipak.khadka@Yahoooo.com,M,18,9842806581,Kathm#$ndu,29198.93,63,29830.45,999
338,Anjali,Khatri,,F,57,9837678424,P0khara,46962.22,117,58013.41,65
339,Rekha,Rai,rekha.rai@GMAIL.COM,Male,41,9884639470,Pokhara123Chitwan,19271.46,71,15214.68,22
340,Suman,Lama,suman.lama@gmail.in,Male,26,9857077197,P0khara,9061.93,312,5908.7,503
341,Sunita,Budhathoki,sunita.budhathoki@Yahoooo.com,F,35,9824562044,Balen City,22642.88,332,18667.3,920
342,Mina,Bomjan,mina.bomjan@gmail.in,F,46,9845486043,Kathm#$ndu,48398.08,38,38068.94,416
343,Sangita,Shrestha,sangita.shrestha@gmail.com,M,17,9895801818,Kathm#$ndu,1193.58,213,759.26,108
344,Suresh,Bhandari,,F,53,9866875552,Pokhara,19828.75,384,11726.01,848
345,Gita,Basnet,gita.basnet@YAHoo.com,Male,56,,Raasuwa,24386.3,450,28713.52,323
346,Bimal,Pandey,bimal.pandey@YAHoo.com,Female,59,9872228496,lalitpur4443,19360.65,321,28242.72,877
347,Aarun,Ghimire,aarun.ghimire@GMAIL.COM,Other,52,9886983866,Raasuwa,25161.41,204,14363.83,673
348,Arjun,Khatri,arjun.khatri@yahoo.com,M,33,9874433701,Kathm#$ndu,10967.91,201,9112.69,874
349,Tenjin,Budhathoki,tenjin.budhathoki@GMAIL.COM,Other,50,9834419493,Kathm#$ndu,35161.23,249,49294.72,6
350,Mingmar,Magar,,Other,59,9822671223,rasuwa,16920.01,314,18775.07,342
351,Pramila,Sapkota,pramila.sapkota@Yahoooo.com,F,48,9877394420,Raasuwa,7434.85,467,7815.47,390
352,Shanti,Chaudhari,shanti.chaudhari@YAHoo.com,F,54,9845280874,Kathm#$ndu,32013.14,370,18498.75,749
353,Roshan,Lama,roshan.lama@gmail.com,Other,59,9880822117,Lalitpur,9424.02,214,13706.63,534
354,Deepak,Shyangba,deepak.shyangba@GMAIL.COM,M,54,9899309848,P0khara,32422.4,319,18651.01,905
355,Mina,Basnet,mina.basnet@yahoo.com,M,45,9832378486,lalitpur4443,41009.64,403,30640.5,984
356,Rohan,Khadka,rohan.khadka@gmail.in,Other,18,9828413197,lalitpur4443,34604.34,345,45686.84,135
357,Pooja,Magar,pooja.magar@gmail.in,Other,43,9829946603,rasuwa,4331.46,487,4945.13,850
358,Rajan,Neupane,rajan.neupane@Yahoooo.com,Female,31,9866860925,Raasuwa,23696.04,356,17351.52,359
359,Gita,Sherpa,gita.sherpa@yahoo.com,Female,51,9834029614,P0khara,18016.2,215,9460.04,796
360,Rajesh,Lama,rajesh.lama@gmail.com,Other,36,9881450981,Kathmandu,792.16,315,678.55,125
361,Rajesh,Acharya,rajesh.acharya@yahoo.com,Male,40,9854483500,Pokahara,27970.73,213,29830.4,865
362,Tenjin,Bomjan,tenjin.bomjan@Yahoooo.com,Female,54,9891208040,Rasuwa,22536.48,127,29119.01,889
363,Mina,Chaudhari,mina.chaudhari@gmail.com,Male,53,9858622792,Kathm#$ndu,33761.7,374,39713.41,94
364,PRAMILA,Shakya,pramila.shakya@Yahoooo.com,F,29,9884355730,Kathmandu,20068.73,7,10353.04,444
365,Sanjay,Bomjan,sanjay.bomjan@GMAIL.COM,Other,32,9824768164,Biratn@gar,17784.59,19,16657.71,828
366,Sabina,Rana,sabina.rana@GMAIL.COM,F,49,9826146345,Pokhara123Chitwan,19974.75,367,26241.97,269
367,Dipak,Acharya,dipak.acharya@gmail.com,Female,16,9841439320,Bhaktapur,15314.49,208,16265.99,274
368,Akash,Bhandari,akash.bhandari@yahoo.com,Female,32,9892295659,P0khara,9624.41,213,7611.19,468
369,Anil,Tamang,anil.tamang@YAHoo.com,Female,41,9825499877,Lalitpur,35653.33,285,45425.73,169
370,SURESH,Khanal,suresh.khanal@gmail.com,Other,37,9869999309,Kathm#$ndu,36429.85,75,21422.53,109
371,Sunita,Giri,sunita.giri@yahoo.com,Male,50,9884176506,Biratn@gar,15270.3,54,14660.22,921
372,Anil,Thapa,anil.thapa@GMAIL.COM,F,28,9861741018,P0khara,46293.19,419,25953.34,535
373,Sanjay,Rana,sanjay.rana@GMAIL.COM,F,28,,Bhaktapur,49991.86,286,31244.95,882
374,Sita,Rana,sita.rana@gmail.in,F,32,9837127811,Raasuwa,4077.71,148,5218.41,354
375,Nawin,Limbu,nawin.limbu@YAHoo.com,Other,20,9867357332,Kathm#$ndu,11055.67,118,6457.86,694
376,Tenjin,Poudel,,M,52,9848126649,Pokhara123Chitwan,12091.43,48,15003.4,478
377,ARJUN,Basnet,arjun.basnet@Yahoooo.com,Female,53,9837449214,lalitpur4443,46987.93,483,29728.38,770
378,Bikram,Shakya,bikram.shakya@gmail.in,Female,58,9884393436,Raasuwa,24167.65,452,14208.4,657
379,Nurpu,Magar,nurpu.magar@yahoo.com,Female,35,9878125221,rasuwa,40796.01,271,42327.14,445
380,Deepak,Sherpa,,Male,25,9890228517,Kathmandu,46920.21,342,69362.85,16
381,Arjun,Khatri,arjun.khatri@Yahoooo.com,Other,46,9876762065,Lalitpur,42720.0,425,58472.98,-1
382,Sabita,Tamang,sabita.tamang@YAHoo.com,M,46,9875859550,Kathmandu,21779.81,430,31845.32,757
383,Nurpu,Wangchuk,nurpu.wangchuk@Yahoooo.com,Male,49,9849776743,P0khara,48566.48,357,62074.6,784
384,Karuna,Damrang,karuna.damrang@gmail.com,Female,43,9851689276,Raasuwa,41486.25,146,54170.07,672
385,Samjhana,Oli,samjhana.oli@Yahoooo.com,M,50,9817682798,Pokahara,49539.0,402,58084.11,845
386,Nisha,Karki,nisha.karki@Yahoooo.com,Male,-1,9844427714,Pokhara,44028.2,124,56065.44,890
387,Mina,Dangol,mina.dangol@gmail.com,Female,19,9896772456,Kathmandu,21622.54,358,21469.32,781
388,Prakash,Lamichhane,prakash.lamichhane@Yahoooo.com,Other,16,9828190039,Biratn@gar,17593.35,92,18869.44,743
389,Bibek,Dangol,,Other,28,9890000646,Raasuwa,28845.9,430,39766.37,301
390,Deepak,Budhathoki,deepak.budhathoki@Yahoooo.com,Other,52,9825902680,rasuwa,2444.41,60,1731.76,765
391,Suresh,Shyangba,suresh.shyangba@YAHoo.com,F,35,,rasuwa,20656.22,134,20618.12,769
392,Sita,Oli,sita.oli@GMAIL.COM,Other,18,9811072474,lalitpur4443,48901.51,408,53435.3,709
393,Priya,Pandit,priya.pandit@gmail.in,Female,59,9869553998,Rasuwa,12597.61,76,17615.39,-49
394,Manju,Gurung,manju.gurung@Yahoooo.com,M,33,9810262716,P0khara,43354.91,130,50255.24,35
395,Tenjin,Bomjan,tenjin.bomjan@yahoo.com,Female,25,9881720192,Kathm#$ndu,29104.44,101,34887.04,69
396,Nurpu,Lamichhane,nurpu.lamichhane@GMAIL.COM,Other,35,9889166081,Bhaktapur,39292.96,328,35875.51,555
397,Sangita,Dangol,sangita.dangol@YAHoo.com,M,59,9860647514,Rasuwa,4759.14,306,5897.31,331
398,Bikram,Sherpa,bikram.sherpa@gmail.in,Male,27,9839222039,Pokhara,40030.85,405,31470.01,653
399,Mingmar,Rai,mingmar.rai@gmail.com,M,25,9830893371,Balen City,235.24,323,124.07,350
400,Sangita,Dhakal,sangita.dhakal@gmail.in,F,49,9850618440,Lalitpur,46327.2,483,63376.62,220
401,Pramila,Lama,pramila.lama@gmail.in,F,58,9814872531,Kathm#$ndu,12320.34,6,12900.49,337
402,NISHA,Acharya,nisha.acharya@YAHoo.com,Other,46,9893121812,Pokahara,33224.2,164,40813.58,635
403,Anil,Ghale,anil.ghale@gmail.com,Male,58,9835591886,Kathmandu,41352.63,75,53944.87,128
404,Anjali,Budhathoki,anjali.budhathoki@GMAIL.COM,Female,36,9846675209,Raasuwa,28083.7,103,41198.01,224
405,Mingmar,Koirala,mingmar.koirala@yahoo.com,M,34,9822454940,P0khara,40354.04,370,29042.4,768
406,Bibek,Bhattarai,bibek.bhattarai@YAHoo.com,Other,20,9897739108,Biratn@gar,18339.98,406,24197.82,550
407,Manju,Maharjan,manju.maharjan@yahoo.com,Male,35,9838155567,Kathmandu,28286.07,131,17998.57,174
408,Manju,Magar,manju.magar@YAHoo.com,Male,55,9899044505,Balen City,6719.54,120,8360.56,123
409,Sangita,Giri,sangita.giri@Yahoooo.com,Other,52,,Pokhara123Chitwan,27406.49,369,22145.12,227
410,Akash,Sherpa,akash.sherpa@gmail.in,M,27,9881895481,Pokahara,19903.59,442,25632.87,970
411,Anjali,Karki,anjali.karki@Yahoooo.com,F,59,9822768899,Lalitpur,43562.39,202,38985.16,407
412,Gita,Karki,gita.karki@gmail.com,Male,21,9884582788,Kathm#$ndu,21898.26,64,17089.79,640
413,Pooja,Sherpa,pooja.sherpa@yahoo.com,M,47,9837059534,Pokhara,24472.75,311,29193.72,743
414,Rekha,Lama,rekha.lama@gmail.com,Other,33,9858015765,Pokhara,43017.18,429,37006.17,443
415,Sarita,Adhikari,sarita.adhikari@gmail.com,M,19,9873143925,rasuwa,39652.86,355,23970.69,512
416,Prakash,Rai,prakash.rai@YAHoo.com,F,55,9885043344,Kathm#$ndu,37105.51,230,32772.39,192
417,Dinesh,Magar,,Other,55,9839578211,Lalitpur,38565.29,272,41193.47,935
418,Aarun,Rana,aarun.rana@YAHoo.com,M,37,9867351131,Lalitpur,21054.66,53,22264.15,461
419,Nurpu,Pandey,nurpu.pandey@Yahoooo.com,Female,38,9836553493,Pokhara,35804.53,466,31428.39,937
420,Hari,Tamang,hari.tamang@gmail.in,M,27,9899139168,lalitpur4443,25988.61,339,28528.23,345
421,Sarita,Ghale,sarita.ghale@gmail.in,F,49,9878937969,Rasuwa,24661.43,137,32236.17,507
422,Rohan,Bote,rohan.bote@YAHoo.com,Other,26,9836563005,lalitpur4443,8330.56,491,9225.84,888
423,Renjen,Basnet,renjen.basnet@gmail.com,Other,53,9855982882,Kathm#$ndu,5317.7,483,6673.65,366
424,Sabina,Khadka,sabina.khadka@gmail.in,Other,59,9878027952,P0khara,46009.52,436,65810.48,577
425,Rajan,Tamang,rajan.tamang@yahoo.com,Male,23,9821439248,Raasuwa,29399.8,5,36200.94,452
426,Bikram,Shrestha,bikram.shrestha@Yahoooo.com,Male,19,9825679387,Balen City,7570.57,371,6818.85,-24
427,Suman,Karki,,Female,34,9870313964,rasuwa,23491.13,367,17561.95,388
428,Bishnu,Damrang,bishnu.damrang@gmail.com,M,45,9881456942,Biratn@gar,28344.01,69,37027.93,574
429,Pooja,Khatri,pooja.khatri@YAHoo.com,M,47,9840427711,Bhaktapur,41038.77,448,32287.06,938
430,Mina,Chaudhari,mina.chaudhari@gmail.in,Male,50,9878982747,Kathmandu,38974.49,343,24007.27,221
431,Manju,Dahal,manju.dahal@YAHoo.com,Other,20,9875139441,Biratn@gar,9229.92,31,9257.59,38
432,Laxmi,Pandit,laxmi.pandit@Yahoooo.com,Other,18,9854279126,lalitpur4443,26035.91,308,13772.3,89
433,RAJAN,Gurung,rajan.gurung@YAHoo.com,M,46,9854612259,Rasuwa,3519.14,304,4003.51,28
434,Kalpana,Damrang,kalpana.damrang@yahoo.com,Male,28,9828092151,Raasuwa,47952.48,332,42331.16,584
435,Sachin,Pandit,sachin.pandit@yahoo.com,M,51,9820566545,Kathmandu,15972.62,43,11986.73,852
436,Nawin,Pandit,nawin.pandit@gmail.com,Male,25,9814493736,Lalitpur,44679.59,141,31083.87,-41
437,Priya,Rai,priya.rai@yahoo.com,F,20,9836173868,lalitpur4443,15647.84,97,16240.92,406
438,Manju,Rana,manju.rana@gmail.in,F,30,9856740832,Pokhara123Chitwan,9900.77,314,10720.4,677
439,Sanjay,Khatri,sanjay.khatri@Yahoooo.com,Male,45,9874353417,rasuwa,43934.72,192,34596.41,323
440,Sabita,Limbu,sabita.limbu@Yahoooo.com,Male,56,9884429369,Raasuwa,17642.64,452,21441.36,84
441,Deepak,Subedi,deepak.subedi@Yahoooo.com,F,59,9868189015,Biratn@gar,13646.92,269,9496.26,978
442,Ramesh,Magar,ramesh.magar@Yahoooo.com,Other,44,9817631553,Pokahara,46775.28,347,43854.97,319
443,Renjen,Ghale,renjen.ghale@yahoo.com,Other,-1,9873037856,Bhaktapur,25186.94,74,24112.29,618
444,Mina,Basnet,mina.basnet@gmail.in,Female,55,9843272824,Raasuwa,6948.06,415,4908.15,268
445,Aarun,Khadka,aarun.khadka@YAHoo.com,Male,44,9867257863,Kathmandu,30694.94,34,44956.33,-35
446,Ramesh,Bhandari,ramesh.bhandari@Yahoooo.com,Other,58,9893455566,Kathmandu,19905.05,291,28213.25,537
447,Sachin,Dangol,sachin.dangol@yahoo.com,Male,45,9872335945,Biratn@gar,13059.32,38,6788.58,185
448,Mingmar,Pandey,mingmar.pandey@Yahoooo.com,M,-1,9873858138,Lalitpur,35639.31,389,29226.75,24
449,Sunita,Tamang,sunita.tamang@Yahoooo.com,M,40,9874255103,Pokahara,19576.08,444,19437.76,662
450,Dipak,Gurung,dipak.gurung@yahoo.com,Female,27,9864837816,Pokhara123Chitwan,33242.35,138,41168.03,422
451,Tenjin,Budhathoki,tenjin.budhathoki@GMAIL.COM,Female,46,9896849580,Kathm#$ndu,21227.06,342,22898.29,627
452,Kunsel,Koirala,kunsel.koirala@YAHoo.com,Male,18,9876423654,Pokhara,16353.08,181,19457.46,363
453,prakash,Bhattarai,prakash.bhattarai@yahoo.com,Male,37,9898036859,Biratn@gar,32310.85,435,35620.73,357
454,Deepak,Magar,deepak.magar@gmail.com,Other,22,9892521563,Raasuwa,15375.3,390,21574.39,643
455,Sangita,Bhandari,sangita.bhandari@gmail.in,Male,36,9889885803,P0khara,28925.25,402,23005.7,555
456,Shanti,Khadka,shanti.khadka@GMAIL.COM,Female,53,9819493977,Pokhara,7360.09,377,9491.59,732
457,Rohan,Dahal,rohan.dahal@YAHoo.com,F,49,9825648801,Kathmandu,585.51,355,349.26,-34
458,Suresh,Ghale,suresh.ghale@gmail.com,Female,56,9819267372,Pokhara,28372.76,70,28824.17,326
459,Anjali,Karki,anjali.karki@YAHoo.com,F,37,9844443747,Rasuwa,48647.51,68,71687.87,-49
460,Sarita,Wangchuk,sarita.wangchuk@gmail.in,Male,35,9826978173,Bhaktapur,8948.43,174,5033.04,942
461,Deepak,Neupane,deepak.neupane@GMAIL.COM,Female,38,9888057303,Pokhara,20063.17,224,18428.3,640
462,Nawin,Thapa,nawin.thapa@GMAIL.COM,M,20,9879680031,Kathm#$ndu,44007.95,472,65598.54,495
463,Mingmar,Limbu,mingmar.limbu@gmail.com,F,17,9839696589,Biratn@gar,4826.18,299,7192.5,6
464,Prakash,Poudel,prakash.poudel@gmail.in,F,26,9868895317,rasuwa,47033.09,15,58047.72,315
465,Dinesh,Oli,dinesh.oli@Yahoooo.com,Male,57,9812641229,Kathmandu,27757.57,165,19880.58,310
466,Dipak,Magar,dipak.magar@yahoo.com,Other,53,9812943319,Lalitpur,189.0,322,112.22,362
467,Nawin,Lama,nawin.lama@GMAIL.COM,F,58,9868234528,Pokahara,45846.87,293,45839.18,751
468,Priya,Sherpa,priya.sherpa@YAHoo.com,M,55,,Kathmandu,1420.93,284,1309.78,876
469,Shanti,Pandey,shanti.pandey@gmail.in,M,22,9836215068,Pokhara,44977.42,266,51821.42,859
470,Nurpu,Bhattarai,nurpu.bhattarai@Yahoooo.com,Female,59,9873005912,Rasuwa,25370.43,63,27270.44,616
471,Gita,Khanal,gita.khanal@gmail.com,Other,31,,Balen City,45254.79,186,67801.55,514
472,Prakash,Karki,prakash.karki@gmail.in,Other,59,9877836270,Lalitpur,27667.88,499,16686.81,954
473,Mingmar,Damrang,mingmar.damrang@gmail.com,F,57,9868905946,Kathmandu,18258.55,434,26635.37,683
474,Sanjay,Bista,sanjay.bista@yahoo.com,Male,27,9876664863,Raasuwa,27807.49,0,21869.13,604
475,LAMPASANG,Dangol,lampasang.dangol@gmail.com,Other,56,9879308616,Kathmandu,34184.17,141,44654.8,216
476,REKHA,Oli,rekha.oli@Yahoooo.com,Male,36,9848933940,Kathmandu,19408.11,462,9795.54,529
477,Hari,Ghimire,hari.ghimire@yahoo.com,Female,16,9829479200,Biratn@gar,30150.06,253,32464.45,948
478,Bikram,Oli,bikram.oli@Yahoooo.com,Female,28,9891098342,Bhaktapur,19726.06,124,21978.48,127
479,priya,Pandit,priya.pandit@YAHoo.com,M,51,9886642365,Kathm#$ndu,44181.0,375,62314.06,813
480,Suresh,Magar,suresh.magar@yahoo.com,Other,28,9827950882,lalitpur4443,34033.38,322,20140.26,570
481,Suman,Bista,suman.bista@YAHoo.com,F,59,9850214474,Kathmandu,24912.16,300,22264.62,554
482,Karuna,Pandit,karuna.pandit@GMAIL.COM,Male,57,9871168840,Biratn@gar,22499.11,98,31154.49,918
483,Pramila,Gurung,pramila.gurung@Yahoooo.com,F,45,9835577061,Balen City,40616.31,406,57824.61,472
484,Sabita,Maharjan,sabita.maharjan@Yahoooo.com,F,53,9876671325,Pokhara,47043.84,295,30620.5,486
485,Bimal,Tamang,bimal.tamang@gmail.in,Other,36,9870906240,Biratn@gar,39916.15,365,26289.88,145
486,Sabina,Tamang,sabina.tamang@GMAIL.COM,Female,46,9898870096,Bhaktapur,45275.38,109,36540.47,-47
487,KUNSEL,Dahal,kunsel.dahal@YAHoo.com,F,53,9830726628,Rasuwa,31471.25,300,22429.56,83
488,Sabita,Damrang,sabita.damrang@Yahoooo.com,Female,25,9889503431,Biratn@gar,28982.12,411,37126.65,443
489,Suresh,Shyangba,suresh.shyangba@gmail.com,F,19,9880146465,P0khara,46101.51,359,56875.31,724
490,Priya,Oli,priya.oli@gmail.com,Other,38,9813084035,Biratn@gar,41284.55,77,55686.79,568
491,Dipak,Sapkota,dipak.sapkota@gmail.in,F,36,9827717716,Pokhara123Chitwan,4472.57,61,4142.64,304
492,sabita,Shrestha,sabita.shrestha@gmail.com,F,49,9846320133,P0khara,27910.91,255,35279.84,113
493,Sunita,Subedi,sunita.subedi@yahoo.com,M,17,9846262690,rasuwa,27949.64,257,37393.8,384
494,Ramesh,Adhikari,ramesh.adhikari@Yahoooo.com,M,22,9831434794,Pokhara123Chitwan,18719.17,210,13959.12,448
495,Suman,Khadka,suman.khadka@YAHoo.com,Female,19,9880114850,Pokhara123Chitwan,12338.59,179,9701.85,867
496,Samjhana,Wangchuk,,Other,42,9816538600,Biratn@gar,46730.46,227,62081.07,55
497,Suresh,Subedi,suresh.subedi@gmail.com,Other,37,9810403182,Bhaktapur,29276.9,432,33918.08,638
498,Manju,Acharya,manju.acharya@YAHoo.com,Female,17,9831197284,Rasuwa,46152.38,185,48607.47,522
499,Sabina,Dahal,sabina.dahal@GMAIL.COM,M,20,9813696335,Pokhara123Chitwan,41393.58,24,47032.92,393
500,Sanjay,Giri,sanjay.giri@yahoo.com,Other,47,9844341609,Kathm#$ndu,40057.62,332,37268.14,550
501,Anil,Basnet,anil.basnet@Yahoooo.com,Female,41,9810045803,Kathm#$ndu,42855.99,56,24908.55,410
502,Aarun,Maharjan,aarun.maharjan@GMAIL.COM,F,38,9887466827,lalitpur4443,42530.92,457,33681.44,358
503,Sabita,Rana,sabita.rana@gmail.com,Other,59,9826531791,Kathm#$ndu,4482.33,23,3029.22,766
504,Suresh,Khatri,suresh.khatri@gmail.in,M,28,9883668413,Lalitpur,46357.29,248,31541.86,212
505,AKASH,Wangchuk,akash.wangchuk@GMAIL.COM,Other,42,9851807519,Balen City,24849.34,471,21516.95,752
506,Prakash,Ghale,prakash.ghale@yahoo.com,Male,47,9837543985,Kathmandu,9891.15,339,7739.13,237
507,Kalpana,Bote,kalpana.bote@GMAIL.COM,Female,46,9855247677,Pokahara,16211.96,23,8866.8,238
508,Nisha,Dahal,nisha.dahal@yahoo.com,F,27,9836844783,lalitpur4443,29009.97,29,14737.35,580
509,Samjhana,Rana,samjhana.rana@yahoo.com,Male,44,9826765827,lalitpur4443,5359.89,283,7527.87,488
510,Bikram,Shrestha,bikram.shrestha@Yahoooo.com,Other,19,9836328504,Kathmandu,27788.35,400,28476.57,871
511,Mingmar,Bista,mingmar.bista@Yahoooo.com,Female,52,9882298544,Bhaktapur,3444.1,493,4196.42,-36
512,Laxmi,Bhandari,laxmi.bhandari@Yahoooo.com,M,29,9898285130,Kathmandu,30042.11,149,16598.59,371
513,manju,Thapa,manju.thapa@gmail.in,Female,16,9881002811,Raasuwa,20340.23,162,10409.67,246
514,Sita,Adhikari,sita.adhikari@gmail.in,Other,40,9851832112,Kathm#$ndu,14061.25,365,7074.84,82
515,Roshan,Karki,roshan.karki@gmail.in,Other,32,9864303463,Kathm#$ndu,43659.61,308,30574.23,297
516,Renjen,Budhathoki,renjen.budhathoki@gmail.in,Other,36,9811744676,Kathm#$ndu,24666.55,190,24478.05,226
517,Pooja,Bhattarai,pooja.bhattarai@gmail.in,M,59,9866032528,Kathm#$ndu,26964.89,283,21036.74,886
518,Tenjin,Chaudhari,tenjin.chaudhari@Yahoooo.com,Female,28,9889337717,Pokahara,4877.21,476,4653.6,867
519,Dipak,Damrang,dipak.damrang@YAHoo.com,Other,59,9833159912,Kathmandu,36409.93,129,32208.76,867
520,Rajesh,Magar,rajesh.magar@gmail.in,M,27,9835373062,Rasuwa,31238.5,73,22467.63,21
521,Nisha,Rana,,Male,58,9862285572,Balen City,9993.35,326,11186.68,558
522,Pramila,Rana,pramila.rana@YAHoo.com,M,24,9898596311,Bhaktapur,8201.32,432,6101.85,69
523,Lampasang,Rai,lampasang.rai@yahoo.com,Male,52,9816395695,Balen City,45398.38,475,48907.62,51
524,Nawin,Ghale,nawin.ghale@YAHoo.com,Male,56,9883293475,Balen City,17692.89,251,24085.81,871
525,Roshan,Basnet,roshan.basnet@Yahoooo.com,Male,54,9857112087,Kathmandu,23970.45,76,18598.27,699
526,SANJAY,Bomjan,sanjay.bomjan@gmail.in,Female,39,9830663395,rasuwa,34245.39,498,26509.24,519
527,Dipak,Adhikari,dipak.adhikari@YAHoo.com,M,55,9831309668,P0khara,42248.62,451,28493.25,42
528,Mina,Acharya,mina.acharya@gmail.com,Other,37,9878083656,Pokhara123Chitwan,37431.54,68,26752.37,286
529,Bishnu,Gurung,bishnu.gurung@gmail.in,Male,36,9895881334,Rasuwa,40262.52,346,23466.79,348
530,PRAKASH,Damrang,prakash.damrang@YAHoo.com,Male,46,9837821221,Kathmandu,28197.53,107,32102.51,857
531,Bikram,Neupane,bikram.neupane@gmail.in,F,20,9856861177,Biratn@gar,47103.61,25,44482.73,666
532,Dipak,Maharjan,dipak.maharjan@yahoo.com,Male,20,9812464690,P0khara,46274.55,214,34953.96,134
533,Pramila,Budhathoki,pramila.budhathoki@yahoo.com,Other,54,9849621265,rasuwa,46304.4,351,46240.16,18
534,Lampasang,Lamichhane,lampasang.lamichhane@gmail.com,F,42,9814905078,Balen City,5314.12,153,7152.34,794
535,Nisha,Dangol,nisha.dangol@GMAIL.COM,Other,33,9866907692,rasuwa,46822.15,144,34568.39,255
536,Anil,Karki,anil.karki@Yahoooo.com,Male,58,9878429181,Lalitpur,38486.83,268,34155.99,823
537,Sarita,Adhikari,sarita.adhikari@Yahoooo.com,F,41,9813983618,Bhaktapur,17712.53,150,9173.37,459
538,Nurpu,Bhattarai,nurpu.bhattarai@gmail.in,Female,53,9826408235,Pokhara,5420.12,263,4248.97,365
539,PRAMILA,Bomjan,pramila.bomjan@gmail.com,Male,33,9875585916,Pokhara123Chitwan,6656.13,383,6771.54,231
540,Arjun,Pandit,arjun.pandit@Yahoooo.com,M,49,9866488064,Pokhara123Chitwan,36139.74,318,18271.35,-26
541,SACHIN,Maharjan,sachin.maharjan@gmail.com,Male,49,9818301272,Bhaktapur,38432.74,93,57636.56,622
542,Sachin,Budhathoki,sachin.budhathoki@gmail.com,F,16,,Lalitpur,49207.32,209,57774.21,860
543,Sabina,Lama,sabina.lama@gmail.com,F,44,9886763060,Lalitpur,27716.94,68,18647.94,719
544,Kalpana,Shrestha,kalpana.shrestha@gmail.com,Other,39,9886554907,Rasuwa,2794.06,110,2378.62,573
545,Nisha,Lamichhane,,Female,39,9812703173,Pokhara123Chitwan,10559.91,313,13016.52,-14
546,Krishna,Dahal,krishna.dahal@yahoo.com,Other,55,,rasuwa,46735.18,426,56765.95,820
547,Nawin,Oli,nawin.oli@gmail.com,M,38,,Raasuwa,5151.24,114,5564.02,154
548,Rohan,Shrestha,rohan.shrestha@Yahoooo.com,F,38,9842566407,Kathm#$ndu,32169.95,257,24194.76,939
549,Lampasang,Adhikari,lampasang.adhikari@Yahoooo.com,F,20,9832149829,rasuwa,41109.46,40,26428.88,177
550,Pooja,Khatri,pooja.khatri@Yahoooo.com,Female,26,9852017562,Pokhara123Chitwan,42140.9,308,49718.5,427
551,pramila,Bista,pramila.bista@gmail.in,F,43,9842195843,P0khara,26173.62,481,36130.49,529
552,Roshan,Gurung,roshan.gurung@Yahoooo.com,Other,28,9840899123,P0khara,31669.2,38,41811.69,-39
553,pramila,Khanal,pramila.khanal@gmail.in,F,30,9891171044,Biratn@gar,48967.45,234,43399.08,640
554,Ramesh,Limbu,,Female,35,9865682163,Pokhara123Chitwan,39019.98,408,31423.68,516
555,Renjen,Basnet,renjen.basnet@yahoo.com,Male,17,9861870706,Balen City,34441.25,189,42604.2,845
556,Rohan,Bomjan,rohan.bomjan@YAHoo.com,Male,36,9869710514,Pokhara,25376.13,130,24715.68,444
557,NAWIN,Wangchuk,nawin.wangchuk@yahoo.com,Male,48,,P0khara,26656.12,87,17350.95,89
558,Laxmi,Dahal,laxmi.dahal@yahoo.com,Other,20,9820216843,P0khara,33357.04,26,19052.01,442
559,Anjali,Basnet,anjali.basnet@GMAIL.COM,Other,26,9852057136,Balen City,19827.41,494,12841.33,787
560,Rekha,Sapkota,rekha.sapkota@yahoo.com,Female,59,9830130375,Pokhara,5815.53,156,4925.88,723
561,Prakash,Bhandari,prakash.bhandari@gmail.in,F,22,9851324843,P0khara,21903.84,277,32497.8,379
562,Arjun,Lamichhane,arjun.lamichhane@YAHoo.com,Female,41,9824921502,Raasuwa,16662.36,206,22376.49,611
563,Anil,Shrestha,anil.shrestha@GMAIL.COM,Female,30,9854299027,Pokahara,44531.9,357,53983.35,993
564,Lampasang,Rai,lampasang.rai@gmail.in,Female,20,9832868866,Bhaktapur,24120.8,81,35390.27,610
565,Samjhana,Maharjan,samjhana.maharjan@GMAIL.COM,Female,17,9883835372,Biratn@gar,24708.49,53,18109.87,593
566,Tenjin,Karki,tenjin.karki@YAHoo.com,Female,41,9822130676,Kathm#$ndu,3222.39,454,2115.88,554
567,Hari,Bote,hari.bote@YAHoo.com,F,19,9895578335,rasuwa,34546.88,150,34711.36,-27
568,Hari,Khanal,hari.khanal@YAHoo.com,Male,56,9826719267,rasuwa,47343.46,468,37596.11,799
569,Sanjay,Subedi,sanjay.subedi@Yahoooo.com,Male,-1,9819135171,Kathm#$ndu,10276.74,207,5846.16,893
570,Dinesh,Pandit,,F,-1,9862477052,Kathmandu,4367.29,468,5310.92,763
571,Nisha,Poudel,nisha.poudel@YAHoo.com,M,50,9875317372,P0khara,33092.99,273,33398.68,157
572,Nawin,Sapkota,nawin.sapkota@yahoo.com,Female,17,9883828744,Rasuwa,28340.11,432,41011.71,-17
573,Sunita,Khatri,sunita.khatri@gmail.in,M,59,9838618721,Kathmandu,17833.32,342,14446.21,59
574,Akash,Acharya,akash.acharya@gmail.in,F,56,9826960367,Biratn@gar,2565.84,168,1475.97,952
575,Priya,Thapa,priya.thapa@gmail.in,Other,55,9864429274,rasuwa,43359.14,228,54420.07,53
576,Renjen,Shyangba,renjen.shyangba@yahoo.com,M,27,9882352010,lalitpur4443,38821.11,488,57483.41,993
577,Sangita,Pandey,sangita.pandey@YAHoo.com,M,17,9879997706,Rasuwa,46389.13,473,40114.03,40
578,Rajesh,Shyangba,rajesh.shyangba@yahoo.com,Female,57,9877015214,P0khara,17895.23,411,15734.93,570
579,BIMAL,Giri,bimal.giri@Yahoooo.com,Male,36,,Kathm#$ndu,49120.95,45,67234.07,641
580,Pooja,Ghimire,pooja.ghimire@gmail.com,Female,46,9822298258,Kathmandu,49975.48,355,56096.88,304
581,Gita,Bhandari,,F,57,9838691630,Raasuwa,118.31,114,146.5,96
582,deepak,Tamang,deepak.tamang@gmail.in,F,53,9859212929,Pokhara,21841.97,365,20806.55,586
583,Bishnu,Khatri,bishnu.khatri@gmail.com,Female,48,9851698692,Balen City,42975.31,358,27376.86,107
584,Suman,Bhattarai,suman.bhattarai@Yahoooo.com,Male,28,9888963401,Bhaktapur,35219.71,248,43670.69,897
585,priya,Bista,priya.bista@gmail.com,M,21,9863221852,Rasuwa,11959.32,446,16672.5,356
586,Bishnu,Shyangba,bishnu.shyangba@yahoo.com,Male,43,9841100335,lalitpur4443,25112.95,110,32933.94,221
587,Nawin,Khanal,nawin.khanal@yahoo.com,Male,-1,9861892657,Lalitpur,28193.73,73,38116.66,892
588,Krishna,Dangol,krishna.dangol@GMAIL.COM,M,55,9810011125,Biratn@gar,16454.24,124,21159.94,521
589,Anjali,Ghimire,anjali.ghimire@yahoo.com,Male,44,9864427638,P0khara,42464.88,172,58885.3,334
590,Laxmi,Khatri,laxmi.khatri@Yahoooo.com,M,30,9889112463,Raasuwa,4982.45,96,6215.77,956
591,Ramesh,Dhakal,ramesh.dhakal@gmail.in,Female,19,9840613521,rasuwa,45764.62,370,41714.64,124
592,Karuna,Dahal,karuna.dahal@YAHoo.com,Other,25,9854156731,Pokhara123Chitwan,13641.34,388,17070.62,587
593,Bishnu,Giri,bishnu.giri@YAHoo.com,M,39,9820823202,Pokhara,23934.6,176,24836.35,127
594,Bimal,Basnet,bimal.basnet@Yahoooo.com,Male,22,9850944944,Lalitpur,12979.88,269,16949.38,733
595,Mingmar,Dahal,mingmar.dahal@GMAIL.COM,F,30,9879088252,Kathm#$ndu,15295.23,383,20486.04,160
596,Samjhana,Rana,,Male,41,9821065525,Lalitpur,33469.66,361,21788.12,546
597,Suresh,Pandit,suresh.pandit@YAHoo.com,Male,52,9858782817,P0khara,44150.03,116,51209.5,224
598,Mina,Rai,mina.rai@GMAIL.COM,M,50,9812055970,Lalitpur,31886.28,363,23185.99,96
599,SANJAY,Pandey,sanjay.pandey@yahoo.com,Female,17,9862408496,Balen City,4307.72,349,3904.81,597
